tag,example,count,old_label
frustration,唉,8,frustration
confusion,困惑,4,confusion
pleading,恳求,4,pleading
defensive,是啊,4,defensive
anger,愤怒,4,anger
anxiety,烦恼,3,anxiety
skepticism,质疑,3,skepticism
distress,我也很苦,2,distress
hesitation,犹豫,2,hesitation
helplessness,根本承担不了了,2,helplessness
disappointment,这样子……,1,disappointment
difficulty,有点困难,1,difficulty
agreement,认同,1,agreement
rejection,拒绝,1,rejection
stress,压力大,1,stress
threat,威胁,1,threat
insistence,坚持,1,insistence
accusation,指责,1,accusation
impatience,不耐烦,1,impatience
defensiveness,防御,1,defensiveness
urgency,急切,1,urgency
exhaustion,疲惫,1,exhaustion
relief,那太好了,1,relief
resignation,随便吧,0,resignation
embarrassment,不好意思,0,embarrassment
