tag,example,count,old_label,new_label
financial_hardship,最近经济压力有点大,29,financial_hardship,expense_pressure
request_installment,整个账单分期,6,request_installment,installment_request
multiple_debts,信用卡都逾期了,5,multiple_debts,debt_overwhelm
salary_delay,工资没发,5,salary_delay,income_delay
income_statement,每个月大概可以有20000块钱的收入,4,income_statement,income_reduction
ability_to_pay,有还款的能力,4,ability_to_pay,partial_capacity
expected_income,有1000多块钱要转,3,expected_income,income_delay
account_frozen,反诈中心电话,3,account_frozen,account_restriction
prior_contact_attempt,打过几次电话,3,prior_contact_attempt,contact_history
unresolved_issue,一直没有人来处理,3,unresolved_issue,communication_issue
previous_agreement,当时他们跟我说，是每个月还600多,3,previous_agreement,negotiation_attempt
bank_account_frozen,工资卡冻结,2,bank_account_frozen,account_restriction
debt_priority,排到工行之后,2,debt_priority,debt_acknowledgment
billing_dispute,余额不对,2,billing_dispute,billing_dispute
income_timing,20号发工资,2,income_timing,income_delay
external_debt_uncollected,外面欠了款也没收回来,2,external_debt_uncollected,income_delay
debt_amount,只剩下8000多块钱没还,2,debt_amount,debt_inquiry
high_interest,利息太高,2,high_interest,interest_pressure
payment_history,一直都是有还款的,1,payment_history,payment_track_record
other_bank_policy,朋友在工商银行有全额分期,1,other_bank_policy,policy_reference
no_installment,招商银行没有分期方案,1,no_installment,policy_reference
bankruptcy,破产,1,bankruptcy,asset_situation
temporary_inability_to_pay,暂时还不上,1,temporary_inability_to_pay,repayment_inability
self_employed,做生意的,1,self_employed,personal_info
repayment_intent,每个月多少还一点,1,repayment_intent,willing_to_pay
legal_procedure_pending,法拍程序还没走,1,legal_procedure_pending,legal_pressure
legal_resolution,法拍完以后双方协商就解封了,1,legal_resolution,legal_pressure
legal_procedure_awareness,银行走流程更麻烦,1,legal_procedure_awareness,legal_pressure
family_illness,老人住院,1,family_illness,family_crisis
promise_to_pay,14号之前会还进去,1,promise_to_pay,payment_commitment
promise_date,14号,1,promise_date,payment_commitment
acknowledge_debt,我知道,1,acknowledge_debt,debt_acknowledgment
wage_garnishment,工资被其他银行强制扣划,1,wage_garnishment,legal_pressure
card_frozen,招商银行早就给我停卡,1,card_frozen,account_restriction
other_bank_refund,建行返还我违约金1400多块钱,1,other_bank_refund,billing_dispute
previous_offer,第一次联系时承诺减到6000,1,previous_offer,negotiation_attempt
payment_commitment_date,2号才能还,1,payment_commitment_date,payment_commitment
illness,生病了,1,illness,health_crisis
negotiating_with_others,现在也在协商,1,negotiating_with_others,negotiation_attempt
external_debt,外部有钱款未收回,1,external_debt,asset_situation
collection_effort,打电话天天催他,1,collection_effort,collection_grievance
debtor_delay,今天推明天，明天推后天,1,debtor_delay,communication_issue
urgency,着急得不得了,1,urgency,situational_hardship
repayment_capacity,最高能还本金,1,repayment_capacity,partial_capacity
interest_accumulation,上次还了以后又多了34000多,1,interest_accumulation,interest_pressure
special_circumstance,出现了特殊情况,1,special_circumstance,situational_hardship
no_funds_yet,现在还没有,1,no_funds_yet,repayment_inability
business_difficulty,生意不好做,1,business_difficulty,income_reduction
account_locked,卡号跟微信点人锁了,1,account_locked,account_restriction
missed_contact_explanation,不能保证每一个电话都能接到,1,missed_contact_explanation,contact_difficulty
unemployment,失业了,1,unemployment,income_loss
unemployment_duration,一段时间了,1,unemployment_duration,income_loss
no_funds,没有,1,no_funds,repayment_inability
legal_threat,被起诉,0,legal_threat,legal_pressure
debt_evasion,不认账,0,debt_evasion,denial_defense
negotiation_history,之前协商过,0,negotiation_history,negotiation_attempt
family_issue,家里出事,0,family_issue,family_crisis
